{
    "0": {
        "key": [
            0,
            0
        ],
        "val": [
            -0.9501987919741547,
            0.7486597896406788
        ]
    },
    "1": {
        "key": [
            0,
            1
        ],
        "val": [
            -0.39806844631114846,
            0.8581434481465189
        ]
    },
    "2": {
        "key": [
            0,
            2
        ],
        "val": [
            0.2299498862013418,
            0.951307519299345
        ]
    },
    "3": {
        "key": [
            0,
            3
        ],
        "val": [
            0.7881701135975469,
            0.9974982355471216
        ]
    },
    "4": {
        "key": [
            1,
            0
        ],
        "val": [
            -0.9224857343064145,
            0.18641407821679654
        ]
    },
    "5": {
        "key": [
            1,
            1
        ],
        "val": [
            -0.35247801775856985,
            0.279518186210892
        ]
    },
    "6": {
        "key": [
            1,
            2
        ],
        "val": [
            0.2981113102415768,
            0.3785067229820653
        ]
    },
    "7": {
        "key": [
            1,
            3
        ],
        "val": [
            0.8715712021895542,
            0.4439417390699823
        ]
    },
    "8": {
        "key": [
            2,
            0
        ],
        "val": [
            -0.8693317963727266,
            -0.4457381810951146
        ]
    },
    "9": {
        "key": [
            2,
            1
        ],
        "val": [
            -0.29620653625186216,
            -0.3740101254032286
        ]
    },
    "10": {
        "key": [
            2,
            2
        ],
        "val": [
            0.3559813101596946,
            -0.2753184519053512
        ]
    },
    "11": {
        "key": [
            2,
            3
        ],
        "val": [
            0.928745985622585,
            -0.18732120857861284
        ]
    },
    "12": {
        "key": [
            3,
            0
        ],
        "val": [
            -0.7897852059483894,
            -1.0
        ]
    },
    "13": {
        "key": [
            3,
            1
        ],
        "val": [
            -0.2321626556789866,
            -0.9497394477975881
        ]
    },
    "14": {
        "key": [
            3,
            2
        ],
        "val": [
            0.39267452430641475,
            -0.8578015677830567
        ]
    },
    "15": {
        "key": [
            3,
            3
        ],
        "val": [
            0.9455128522835374,
            -0.7540607365504483
        ]
    }
}